personalParticipantCode;generalLoginCode;committed;scheduled;published;osVersion;smartphoneType;screening;description;delay;duration;groupsize;partner_gender;partner_close;interaction_quality;interaction_intimacy;interaction_control;interaction_intensity;emo_happy;emo_sad;emo_nervous;emo_surprise;emo_angry;emo_embarrassed;emo_ashamed;dataquality
c1nn4w08;EMOTIONALITY;11-Mar-2025 20:05:48;11-Mar-2025 15:33:00;07-Mar-2025 12:43:04;Android 15;CPH2305;false;;;;;;;;;;;;;;;;;;
c1nn4w08;EMOTIONALITY;08-Mar-2025 19:19:17;08-Mar-2025 19:19:00;07-Mar-2025 12:43:04;Android 15;CPH2305;false;;;;;;;;;;;;;;;;;;
c1nn4w08;EMOTIONALITY;09-Mar-2025 13:13:12;09-Mar-2025 13:13:00;07-Mar-2025 12:43:04;Android 15;CPH2305;false;;;;;;;;;;;;;;;;;;
c1nn4w08;EMOTIONALITY;10-Mar-2025 11:55:17;10-Mar-2025 11:47:00;07-Mar-2025 12:43:04;Android 15;CPH2305;false;;;;;;;;;;;;;;;;;;
c1nn4w08;EMOTIONALITY;11-Mar-2025 20:05:41;11-Mar-2025 12:21:00;07-Mar-2025 12:43:04;Android 15;CPH2305;false;;;;;;;;;;;;;;;;;;
c1nn4w08;EMOTIONALITY;08-Mar-2025 18:43:11;08-Mar-2025 18:43:00;07-Mar-2025 12:43:04;Android 15;CPH2305;false;;;;;;;;;;;;;;;;;;
c1nn4w08;EMOTIONALITY;09-Mar-2025 18:12:12;09-Mar-2025 18:12:00;07-Mar-2025 12:43:04;Android 15;CPH2305;false;;;;;;;;;;;;;;;;;;
c1nn4w08;EMOTIONALITY;11-Mar-2025 10:51:37;11-Mar-2025 10:39:00;07-Mar-2025 12:43:04;Android 15;CPH2305;true;Neuen Kollegen kennengelernt;1;2;2;2;1;4;3;3;5;4;1;4;3;1;1;1;1
c1nn4w08;EMOTIONALITY;10-Mar-2025 09:12:26;10-Mar-2025 09:12:00;07-Mar-2025 12:43:04;Android 15;CPH2305;false;;;;;;;;;;;;;;;;;;
c1nn4w08;EMOTIONALITY;09-Mar-2025 19:07:05;09-Mar-2025 19:06:00;07-Mar-2025 12:43:04;Android 15;CPH2305;false;;;;;;;;;;;;;;;;;;
c1nn4w08;EMOTIONALITY;11-Mar-2025 20:05:36;11-Mar-2025 11:18:00;07-Mar-2025 12:43:04;Android 15;CPH2305;false;;;;;;;;;;;;;;;;;;
c1nn4w08;EMOTIONALITY;11-Mar-2025 09:18:15;11-Mar-2025 09:15:00;07-Mar-2025 12:43:04;Android 15;CPH2305;true;Geredet über alles mögliche, auch Alltagsprobleme;2;4;2;2;7;4;4;3;3;4;1;1;3;1;1;1;1
c1nn4w08;EMOTIONALITY;10-Mar-2025 18:34:57;10-Mar-2025 18:27:00;07-Mar-2025 12:43:04;Android 15;CPH2305;false;;;;;;;;;;;;;;;;;;
c1nn4w08;EMOTIONALITY;10-Mar-2025 09:58:54;10-Mar-2025 09:46:00;07-Mar-2025 12:43:04;Android 15;CPH2305;false;;;;;;;;;;;;;;;;;;
c1nn4w08;EMOTIONALITY;09-Mar-2025 13:58:01;09-Mar-2025 13:56:00;07-Mar-2025 12:43:04;Android 15;CPH2305;false;;;;;;;;;;;;;;;;;;
c1nn4w08;EMOTIONALITY;10-Mar-2025 10:53:30;10-Mar-2025 10:46:00;07-Mar-2025 12:43:04;Android 15;CPH2305;false;;;;;;;;;;;;;;;;;;
c1nn4w08;EMOTIONALITY;11-Mar-2025 20:13:39;11-Mar-2025 16:10:00;07-Mar-2025 12:43:04;Android 15;CPH2305;true;Gespräch mit meiner Mutter über Zahnarztbesuch;4;3;2;1;7;4;4;3;3;4;1;1;2;1;1;1;1
c1nn4w08;EMOTIONALITY;09-Mar-2025 09:33:53;09-Mar-2025 09:33:00;07-Mar-2025 12:43:04;Android 15;CPH2305;false;;;;;;;;;;;;;;;;;;
c1nn4w08;EMOTIONALITY;08-Mar-2025 13:10:11;08-Mar-2025 13:03:00;07-Mar-2025 12:43:04;Android 15;CPH2305;true;Verschiedene Interaktionen mit der Familie, unter anderem über Fotos, die Harry Potter Serie, Rassismus, Sportler und Krieg in Europa;1;3;4;2;7;5;3;3;2;3;2;1;2;1;1;1;1
c1nn4w08;EMOTIONALITY;10-Mar-2025 16:59:28;10-Mar-2025 16:59:00;07-Mar-2025 12:43:04;Android 15;CPH2305;false;;;;;;;;;;;;;;;;;;
c1nn4w08;EMOTIONALITY;08-Mar-2025 12:33:53;08-Mar-2025 12:21:00;07-Mar-2025 12:43:04;Android 15;CPH2305;true;Gespräch mit meinen Vater über Musikgeschichte aus den 70ern und 80ern, angestoßen von der Quizfragen auf unserem Kalender (keine Ahnung wer Katja Ebstein sein soll...?) ;1;2;2;2;7;4;2;3;1;4;1;1;3;1;1;1;1
c1nn4w08;EMOTIONALITY;11-Mar-2025 20:09:39;11-Mar-2025 19:09:00;07-Mar-2025 12:43:04;Android 15;CPH2305;true;Konflikt über Objektdefinition;1;1;2;2;7;1;1;3;5;1;1;1;4;5;2;2;1
c1nn4w08;EMOTIONALITY;08-Mar-2025 14:02:58;08-Mar-2025 14:01:00;07-Mar-2025 12:43:04;Android 15;CPH2305;true;Kurzes Gespräch beim Mittagessen, unter anderem über Cookies;1;1;2;1;7;3;1;3;2;2;2;1;1;3;1;1;1
c1nn4w08;EMOTIONALITY;08-Mar-2025 09:56:11;08-Mar-2025 09:56:00;07-Mar-2025 12:43:04;Android 15;CPH2305;false;;;;;;;;;;;;;;;;;;
c1nn4w08;EMOTIONALITY;10-Mar-2025 14:40:17;10-Mar-2025 14:24:00;07-Mar-2025 12:43:04;Android 15;CPH2305;true;Teammeeting;1;4;6;2;3;4;1;5;1;3;1;2;1;1;1;1;1
c1nn4w08;EMOTIONALITY;09-Mar-2025 16:53:40;09-Mar-2025 16:53:00;07-Mar-2025 12:43:04;Android 15;CPH2305;false;;;;;;;;;;;;;;;;;;
c1nn4w08;EMOTIONALITY;08-Mar-2025 10:55:11;08-Mar-2025 10:55:00;07-Mar-2025 12:43:04;Android 15;CPH2305;false;;;;;;;;;;;;;;;;;;
c1nn4w08;EMOTIONALITY;09-Mar-2025 11:11:02;09-Mar-2025 11:09:00;07-Mar-2025 12:43:04;Android 15;CPH2305;true;Kurze Interaktion, Thema Matheaufgaben, Nutzung von ChatGPT und Word;2;2;2;1;7;3;2;3;1;3;1;1;1;1;1;1;1
c1nn4w08;EMOTIONALITY;11-Mar-2025 20:12:42;11-Mar-2025 16:47:00;07-Mar-2025 12:43:04;Android 15;CPH2305;true;Gespräch mit meinem Vater über Sport;2;2;2;2;7;4;1;2;2;4;1;1;1;1;1;1;1
c1nn4w08;EMOTIONALITY;08-Mar-2025 16:56:08;08-Mar-2025 16:56:00;07-Mar-2025 12:43:04;Android 15;CPH2305;false;;;;;;;;;;;;;;;;;;
c1nn4w08;EMOTIONALITY;09-Mar-2025 15:09:25;09-Mar-2025 15:08:00;07-Mar-2025 12:43:04;Android 15;CPH2305;true;Gemeinsames Mittagessen;1;4;4;1;7;4;3;2;4;5;1;1;3;2;1;1;1
c1nn4w08;EMOTIONALITY;10-Mar-2025 19:44:24;10-Mar-2025 19:42:00;07-Mar-2025 12:43:04;Android 15;CPH2305;false;;;;;;;;;;;;;;;;;;
x6mk28vz;EMOTIONALITY;11-Mar-2025 14:02:11;11-Mar-2025 13:59:00;07-Mar-2025 12:43:04;iOS 18.3.1;iPhone12,8;true;Lunch with colleagues;3;3;7;1;1;3;1;3;3;3;1;4;1;1;2;1;1
x6mk28vz;EMOTIONALITY;13-Mar-2025 14:17:36;13-Mar-2025 11:38:00;07-Mar-2025 12:43:04;iOS 18.3.1;iPhone12,8;true;online presentation;1;5;35;2;-1;4;2;-1;5;4;1;5;2;1;4;4;1
x6mk28vz;EMOTIONALITY;11-Mar-2025 11:45:17;11-Mar-2025 11:29:00;07-Mar-2025 12:43:04;iOS 18.3.1;iPhone12,8;false;;;;;;;;;;;;;;;;;;
x6mk28vz;EMOTIONALITY;12-Mar-2025 11:34:03;12-Mar-2025 11:31:00;07-Mar-2025 12:43:04;iOS 18.3.1;iPhone12,8;false;;;;;;;;;;;;;;;;;;
x6mk28vz;EMOTIONALITY;12-Mar-2025 21:05:12;12-Mar-2025 20:21:00;07-Mar-2025 12:43:04;iOS 18.3.1;iPhone12,8;false;;;;;;;;;;;;;;;;;;
x6mk28vz;EMOTIONALITY;12-Mar-2025 12:11:48;12-Mar-2025 12:07:00;07-Mar-2025 12:43:04;iOS 18.3.1;iPhone12,8;false;;;;;;;;;;;;;;;;;;
x6mk28vz;EMOTIONALITY;12-Mar-2025 17:09:13;12-Mar-2025 16:45:00;07-Mar-2025 12:43:04;iOS 18.3.1;iPhone12,8;false;;;;;;;;;;;;;;;;;;
x6mk28vz;EMOTIONALITY;13-Mar-2025 18:12:21;13-Mar-2025 18:03:00;07-Mar-2025 12:43:04;iOS 18.3.1;iPhone12,8;false;;;;;;;;;;;;;;;;;;
x6mk28vz;EMOTIONALITY;13-Mar-2025 17:12:36;13-Mar-2025 17:11:00;07-Mar-2025 12:43:04;iOS 18.3.1;iPhone12,8;false;;;;;;;;;;;;;;;;;;
x6mk28vz;EMOTIONALITY;11-Mar-2025 18:22:27;11-Mar-2025 17:28:00;07-Mar-2025 12:43:04;iOS 18.3.1;iPhone12,8;true;Sports class;2;4;5;2;1;4;1;4;1;5;1;2;2;1;1;1;1
x6mk28vz;EMOTIONALITY;11-Mar-2025 18:57:44;11-Mar-2025 18:43:00;07-Mar-2025 12:43:04;iOS 18.3.1;iPhone12,8;true;Dinner with my mom;1;2;2;1;7;5;4;3;2;5;1;1;1;1;1;1;1
x6mk28vz;EMOTIONALITY;12-Mar-2025 19:38:01;12-Mar-2025 17:35:00;07-Mar-2025 12:43:04;iOS 18.3.1;iPhone12,8;true;Gym with friend;1;5;2;1;6;5;3;3;3;4;1;2;3;1;1;1;1
x6mk28vz;EMOTIONALITY;12-Mar-2025 15:11:17;12-Mar-2025 15:11:00;07-Mar-2025 12:43:04;iOS 18.3.1;iPhone12,8;false;;;;;;;;;;;;;;;;;;
x6mk28vz;EMOTIONALITY;11-Mar-2025 18:56:20;11-Mar-2025 18:00:00;07-Mar-2025 12:43:04;iOS 18.3.1;iPhone12,8;false;;;;;;;;;;;;;;;;;;
x6mk28vz;EMOTIONALITY;13-Mar-2025 22:50:56;13-Mar-2025 19:41:00;07-Mar-2025 12:43:04;iOS 18.3.1;iPhone12,8;false;;;;;;;;;;;;;;;;;;
x6mk28vz;EMOTIONALITY;11-Mar-2025 09:55:43;11-Mar-2025 09:42:00;07-Mar-2025 12:43:04;iOS 18.3.1;iPhone12,8;true;Chat with a colleague in the kitchen ;1;2;2;1;2;3;3;4;2;3;1;2;1;1;1;1;1
x6mk28vz;EMOTIONALITY;13-Mar-2025 22:51:00;13-Mar-2025 20:27:00;07-Mar-2025 12:43:04;iOS 18.3.1;iPhone12,8;false;;;;;;;;;;;;;;;;;;
x6mk28vz;EMOTIONALITY;12-Mar-2025 14:39:43;12-Mar-2025 14:17:00;07-Mar-2025 12:43:04;iOS 18.3.1;iPhone12,8;true;Work meeting;1;5;5;4;4;4;2;4;2;3;1;1;1;1;1;1;1
x6mk28vz;EMOTIONALITY;12-Mar-2025 10:53:50;12-Mar-2025 10:52:00;07-Mar-2025 12:43:04;iOS 18.3.1;iPhone12,8;true;Short phone call;1;1;2;-1;7;5;5;3;4;4;2;1;1;1;1;1;2
x6mk28vz;EMOTIONALITY;11-Mar-2025 10:39:21;11-Mar-2025 10:26:00;07-Mar-2025 12:43:04;iOS 18.3.1;iPhone12,8;false;;;;;;;;;;;;;;;;;;
x6mk28vz;EMOTIONALITY;13-Mar-2025 10:01:15;13-Mar-2025 10:00:00;07-Mar-2025 12:43:04;iOS 18.3.1;iPhone12,8;false;;;;;;;;;;;;;;;;;;
x6mk28vz;EMOTIONALITY;13-Mar-2025 17:12:30;13-Mar-2025 16:22:00;07-Mar-2025 12:43:04;iOS 18.3.1;iPhone12,8;false;;;;;;;;;;;;;;;;;;
x6mk28vz;EMOTIONALITY;11-Mar-2025 19:35:20;11-Mar-2025 19:27:00;07-Mar-2025 12:43:04;iOS 18.3.1;iPhone12,8;false;;;;;;;;;;;;;;;;;;
x6mk28vz;EMOTIONALITY;14-Mar-2025 12:09:09;14-Mar-2025 11:33:00;07-Mar-2025 12:43:04;iOS 18.3.1;iPhone12,8;true;Asked friend for a charger;1;1;2;2;6;2;1;3;1;3;1;1;1;1;1;1;1
x6mk28vz;EMOTIONALITY;15-Mar-2025 18:00:18;14-Mar-2025 19:34:00;07-Mar-2025 12:43:04;iOS 18.3.1;iPhone12,8;true;Board game night with aunts;4;5;4;-1;-1;4;3;2;4;4;1;3;1;1;1;1;2
x6mk28vz;EMOTIONALITY;14-Mar-2025 11:36:04;14-Mar-2025 10:36:00;07-Mar-2025 12:43:04;iOS 18.3.1;iPhone12,8;true;Co-working and coffee break with friends;2;2;3;2;6;4;4;3;2;4;1;2;1;1;1;1;1
x6mk28vz;EMOTIONALITY;13-Mar-2025 15:35:36;13-Mar-2025 15:18:00;07-Mar-2025 12:43:04;iOS 18.3.1;iPhone12,8;false;;;;;;;;;;;;;;;;;;
d0n63h9a;EMOTIONALITY;08-Mar-2025 11:53:16;08-Mar-2025 11:42:00;07-Mar-2025 12:43:04;Android 14;2107113SG;true;-1;1;2;2;1;7;2;1;3;4;2;2;3;3;4;1;1;1
d0n63h9a;EMOTIONALITY;08-Mar-2025 17:49:02;08-Mar-2025 17:48:00;07-Mar-2025 12:43:04;Android 14;2107113SG;false;;;;;;;;;;;;;;;;;;
d0n63h9a;EMOTIONALITY;10-Mar-2025 15:43:42;10-Mar-2025 15:43:00;07-Mar-2025 12:43:04;Android 14;2107113SG;false;;;;;;;;;;;;;;;;;;
d0n63h9a;EMOTIONALITY;09-Mar-2025 10:09:02;08-Mar-2025 20:05:00;07-Mar-2025 12:43:04;Android 14;2107113SG;false;;;;;;;;;;;;;;;;;;
d0n63h9a;EMOTIONALITY;08-Mar-2025 14:10:26;08-Mar-2025 13:52:00;07-Mar-2025 12:43:04;Android 14;2107113SG;true;supermarket cashier;1;1;2;2;1;-1;1;5;1;3;1;1;1;1;1;1;1
d0n63h9a;EMOTIONALITY;09-Mar-2025 10:08:58;08-Mar-2025 19:21:00;07-Mar-2025 12:43:04;Android 14;2107113SG;true;met old friend;1;5;2;2;5;5;4;2;3;4;1;1;4;1;1;1;1
d0n63h9a;EMOTIONALITY;10-Mar-2025 12:44:41;10-Mar-2025 12:42:00;07-Mar-2025 12:43:04;Android 14;2107113SG;false;;;;;;;;;;;;;;;;;;
d0n63h9a;EMOTIONALITY;08-Mar-2025 16:19:47;08-Mar-2025 16:11:00;07-Mar-2025 12:43:04;Android 14;2107113SG;false;;;;;;;;;;;;;;;;;;
d0n63h9a;EMOTIONALITY;11-Mar-2025 18:16:49;11-Mar-2025 15:26:00;07-Mar-2025 12:43:04;Android 14;2107113SG;false;;;;;;;;;;;;;;;;;;
d0n63h9a;EMOTIONALITY;09-Mar-2025 20:10:15;09-Mar-2025 18:42:00;07-Mar-2025 12:43:04;Android 14;2107113SG;false;;;;;;;;;;;;;;;;;;
d0n63h9a;EMOTIONALITY;09-Mar-2025 20:07:42;09-Mar-2025 18:11:00;07-Mar-2025 12:43:04;Android 14;2107113SG;false;;;;;;;;;;;;;;;;;;
d0n63h9a;EMOTIONALITY;11-Mar-2025 18:18:19;11-Mar-2025 18:11:00;07-Mar-2025 12:43:04;Android 14;2107113SG;true;farewell party;2;4;20;1;2;4;2;3;3;4;4;1;1;1;1;2;1
d0n63h9a;EMOTIONALITY;10-Mar-2025 14:41:44;10-Mar-2025 14:11:00;07-Mar-2025 12:43:04;Android 14;2107113SG;false;;;;;;;;;;;;;;;;;;
d0n63h9a;EMOTIONALITY;09-Mar-2025 20:07:33;09-Mar-2025 15:49:00;07-Mar-2025 12:43:04;Android 14;2107113SG;false;;;;;;;;;;;;;;;;;;
d0n63h9a;EMOTIONALITY;08-Mar-2025 11:01:49;08-Mar-2025 10:59:00;07-Mar-2025 12:43:04;Android 14;2107113SG;true;-1;1;1;2;1;7;4;2;3;1;3;3;1;1;1;1;1;1
d0n63h9a;EMOTIONALITY;11-Mar-2025 18:16:10;11-Mar-2025 13:54:00;07-Mar-2025 12:43:04;Android 14;2107113SG;false;;;;;;;;;;;;;;;;;;
d0n63h9a;EMOTIONALITY;11-Mar-2025 12:32:56;11-Mar-2025 12:05:00;07-Mar-2025 12:43:04;Android 14;2107113SG;true;standup meeting;1;3;25;-1;-1;-1;-1;-1;-1;3;1;2;1;1;1;1;1
d0n63h9a;EMOTIONALITY;09-Mar-2025 10:09:06;09-Mar-2025 09:17:00;07-Mar-2025 12:43:04;Android 14;2107113SG;false;;;;;;;;;;;;;;;;;;
d0n63h9a;EMOTIONALITY;11-Mar-2025 18:16:54;11-Mar-2025 17:10:00;07-Mar-2025 12:43:04;Android 14;2107113SG;false;;;;;;;;;;;;;;;;;;
d0n63h9a;EMOTIONALITY;09-Mar-2025 20:07:29;09-Mar-2025 15:01:00;07-Mar-2025 12:43:04;Android 14;2107113SG;false;;;;;;;;;;;;;;;;;;
d0n63h9a;EMOTIONALITY;10-Mar-2025 09:24:08;10-Mar-2025 09:18:00;07-Mar-2025 12:43:04;Android 14;2107113SG;true;-1;1;3;2;1;7;3;2;4;2;2;4;2;1;1;1;1;1
d0n63h9a;EMOTIONALITY;09-Mar-2025 20:07:37;09-Mar-2025 17:09:00;07-Mar-2025 12:43:04;Android 14;2107113SG;false;;;;;;;;;;;;;;;;;;
d0n63h9a;EMOTIONALITY;11-Mar-2025 09:13:48;11-Mar-2025 09:11:00;07-Mar-2025 12:43:04;Android 14;2107113SG;false;;;;;;;;;;;;;;;;;;
d0n63h9a;EMOTIONALITY;10-Mar-2025 20:21:47;10-Mar-2025 19:31:00;07-Mar-2025 12:43:04;Android 14;2107113SG;true;2;2;3;2;1;7;2;2;5;4;2;4;5;1;2;4;4;1
d0n63h9a;EMOTIONALITY;10-Mar-2025 18:24:42;10-Mar-2025 17:59:00;07-Mar-2025 12:43:04;Android 14;2107113SG;false;;;;;;;;;;;;;;;;;;
d0n63h9a;EMOTIONALITY;11-Mar-2025 22:00:03;11-Mar-2025 19:07:00;07-Mar-2025 12:43:04;Android 14;2107113SG;true;girlfriend;3;4;2;1;7;5;5;3;4;4;1;1;1;1;1;1;1
d0n63h9a;EMOTIONALITY;09-Mar-2025 20:07:24;09-Mar-2025 10:16:00;07-Mar-2025 12:43:04;Android 14;2107113SG;true;stadion;4;5;35000;2;6;5;3;2;4;3;4;4;2;3;2;2;1
d0n63h9a;EMOTIONALITY;10-Mar-2025 15:00:10;10-Mar-2025 14:50:00;07-Mar-2025 12:43:04;Android 14;2107113SG;true;girlfriend called;2;2;2;1;7;3;3;3;1;3;1;1;1;1;1;1;1
d0n63h9a;EMOTIONALITY;11-Mar-2025 11:02:45;11-Mar-2025 11:00:00;07-Mar-2025 12:43:04;Android 14;2107113SG;false;;;;;;;;;;;;;;;;;;
d0n63h9a;EMOTIONALITY;08-Mar-2025 13:10:25;08-Mar-2025 13:10:00;07-Mar-2025 12:43:04;Android 14;2107113SG;false;;;;;;;;;;;;;;;;;;
d0n63h9a;EMOTIONALITY;09-Mar-2025 20:12:25;09-Mar-2025 20:10:00;07-Mar-2025 12:43:04;Android 14;2107113SG;true;girlfriend;1;4;2;1;7;3;4;3;2;4;1;1;1;1;1;1;1
d0n63h9a;EMOTIONALITY;10-Mar-2025 12:00:47;10-Mar-2025 11:51:00;07-Mar-2025 12:43:04;Android 14;2107113SG;false;;;;;;;;;;;;;;;;;;
67wibffe;EMOTIONALITY;08-Mar-2025 18:05:47;08-Mar-2025 15:39:00;07-Mar-2025 12:43:04;iOS 18.3.1;iPhone14,4;false;;;;;;;;;;;;;;;;;;
67wibffe;EMOTIONALITY;09-Mar-2025 15:54:30;09-Mar-2025 14:22:00;07-Mar-2025 12:43:04;iOS 18.3.1;iPhone14,4;false;;;;;;;;;;;;;;;;;;
67wibffe;EMOTIONALITY;10-Mar-2025 12:49:34;10-Mar-2025 12:48:00;07-Mar-2025 12:43:04;iOS 18.3.1;iPhone14,4;true;Foto;1;1;2;1;1;2;1;3;1;1;1;1;1;1;1;1;1
67wibffe;EMOTIONALITY;11-Mar-2025 10:28:25;10-Mar-2025 18:13:00;07-Mar-2025 12:43:04;iOS 18.3.1;iPhone14,4;false;;;;;;;;;;;;;;;;;;
67wibffe;EMOTIONALITY;10-Mar-2025 11:30:35;10-Mar-2025 10:28:00;07-Mar-2025 12:43:04;iOS 18.3.1;iPhone14,4;false;;;;;;;;;;;;;;;;;;
67wibffe;EMOTIONALITY;08-Mar-2025 20:52:49;08-Mar-2025 20:12:00;07-Mar-2025 12:43:04;iOS 18.3.1;iPhone14,4;true;Home fam;2;3;5;1;7;2;3;4;3;1;2;2;4;4;3;2;1
67wibffe;EMOTIONALITY;10-Mar-2025 09:49:46;09-Mar-2025 16:55:00;07-Mar-2025 12:43:04;iOS 18.3.1;iPhone14,4;false;;;;;;;;;;;;;;;;;;
67wibffe;EMOTIONALITY;11-Mar-2025 10:28:37;11-Mar-2025 09:03:00;07-Mar-2025 12:43:04;iOS 18.3.1;iPhone14,4;false;;;;;;;;;;;;;;;;;;
67wibffe;EMOTIONALITY;09-Mar-2025 17:08:55;09-Mar-2025 15:54:00;07-Mar-2025 12:43:04;iOS 18.3.1;iPhone14,4;true;-1;1;1;2;1;-1;-1;-1;-1;-1;-1;-1;-1;-1;-1;-1;-1;1
67wibffe;EMOTIONALITY;11-Mar-2025 10:28:29;10-Mar-2025 20:02:00;07-Mar-2025 12:43:04;iOS 18.3.1;iPhone14,4;false;;;;;;;;;;;;;;;;;;
67wibffe;EMOTIONALITY;08-Mar-2025 18:22:00;08-Mar-2025 18:17:00;07-Mar-2025 12:43:04;iOS 18.3.1;iPhone14,4;false;;;;;;;;;;;;;;;;;;
67wibffe;EMOTIONALITY;11-Mar-2025 17:58:40;11-Mar-2025 17:58:00;07-Mar-2025 12:43:04;iOS 18.3.1;iPhone14,4;false;;;;;;;;;;;;;;;;;;
67wibffe;EMOTIONALITY;11-Mar-2025 10:28:21;10-Mar-2025 17:15:00;07-Mar-2025 12:43:04;iOS 18.3.1;iPhone14,4;false;;;;;;;;;;;;;;;;;;
67wibffe;EMOTIONALITY;10-Mar-2025 09:49:51;09-Mar-2025 18:55:00;07-Mar-2025 12:43:04;iOS 18.3.1;iPhone14,4;false;;;;;;;;;;;;;;;;;;
67wibffe;EMOTIONALITY;08-Mar-2025 09:19:01;08-Mar-2025 09:11:00;07-Mar-2025 12:43:04;iOS 18.3.1;iPhone14,4;true;Son sport;1;3;2;2;7;4;5;3;3;4;1;3;1;1;1;1;1
67wibffe;EMOTIONALITY;10-Mar-2025 15:39:18;10-Mar-2025 15:37:00;07-Mar-2025 12:43:04;iOS 18.3.1;iPhone14,4;false;;;;;;;;;;;;;;;;;;
67wibffe;EMOTIONALITY;08-Mar-2025 18:07:00;08-Mar-2025 16:34:00;07-Mar-2025 12:43:04;iOS 18.3.1;iPhone14,4;true;-1;1;1;2;1;7;3;3;3;4;3;2;1;4;1;1;1;1
67wibffe;EMOTIONALITY;09-Mar-2025 15:54:40;09-Mar-2025 15:15:00;07-Mar-2025 12:43:04;iOS 18.3.1;iPhone14,4;false;;;;;;;;;;;;;;;;;;
67wibffe;EMOTIONALITY;08-Mar-2025 18:05:37;08-Mar-2025 11:49:00;07-Mar-2025 12:43:04;iOS 18.3.1;iPhone14,4;true;Friend;3;4;3;2;5;3;3;3;4;4;1;2;2;1;1;1;1
67wibffe;EMOTIONALITY;09-Mar-2025 12:29:56;09-Mar-2025 12:25:00;07-Mar-2025 12:43:04;iOS 18.3.1;iPhone14,4;false;;;;;;;;;;;;;;;;;;
67wibffe;EMOTIONALITY;08-Mar-2025 18:05:43;08-Mar-2025 13:21:00;07-Mar-2025 12:43:04;iOS 18.3.1;iPhone14,4;false;;;;;;;;;;;;;;;;;;
67wibffe;EMOTIONALITY;10-Mar-2025 09:54:09;10-Mar-2025 09:47:00;07-Mar-2025 12:43:04;iOS 18.3.1;iPhone14,4;true;Breakfast ;3;2;2;2;7;3;4;1;4;2;3;5;2;1;3;3;1
67wibffe;EMOTIONALITY;09-Mar-2025 11:35:41;09-Mar-2025 11:04:00;07-Mar-2025 12:43:04;iOS 18.3.1;iPhone14,4;true;Familie;1;3;5;1;7;3;4;4;4;2;4;3;3;4;1;1;1
67wibffe;EMOTIONALITY;09-Mar-2025 12:29:51;09-Mar-2025 11:52:00;07-Mar-2025 12:43:04;iOS 18.3.1;iPhone14,4;false;;;;;;;;;;;;;;;;;;
67wibffe;EMOTIONALITY;08-Mar-2025 18:04:07;08-Mar-2025 09:57:00;07-Mar-2025 12:43:04;iOS 18.3.1;iPhone14,4;false;;;;;;;;;;;;;;;;;;
s4sm1bs4;EMOTIONALITY;11-Mar-2025 07:23:07;10-Mar-2025 14:35:00;07-Mar-2025 12:43:04;iOS 18.3.1;iPhone12,8;true;Talking to my mum;4;2;2;1;7;5;4;2;4;5;1;1;1;1;1;1;1
s4sm1bs4;EMOTIONALITY;11-Mar-2025 11:11:59;11-Mar-2025 11:04:00;07-Mar-2025 12:43:04;iOS 18.3.1;iPhone12,8;true;Meeting co-worker;1;1;2;1;3;2;1;3;1;3;1;2;1;1;1;1;1
s4sm1bs4;EMOTIONALITY;11-Mar-2025 21:04:47;11-Mar-2025 20:10:00;07-Mar-2025 12:43:04;iOS 18.3.1;iPhone12,8;true;Talking to co worker;4;2;2;1;1;2;1;5;3;2;1;4;3;1;1;1;1
s4sm1bs4;EMOTIONALITY;11-Mar-2025 07:24:29;10-Mar-2025 16:36:00;07-Mar-2025 12:43:04;iOS 18.3.1;iPhone12,8;false;;;;;;;;;;;;;;;;;;
s4sm1bs4;EMOTIONALITY;09-Mar-2025 10:28:58;08-Mar-2025 19:46:00;07-Mar-2025 12:43:04;iOS 18.3.1;iPhone12,8;false;;;;;;;;;;;;;;;;;;
s4sm1bs4;EMOTIONALITY;09-Mar-2025 10:32:17;09-Mar-2025 10:25:00;07-Mar-2025 12:43:04;iOS 18.3.1;iPhone12,8;true;Smalltalk with stranger;2;1;2;2;1;1;1;4;5;2;2;4;5;4;1;1;1
s4sm1bs4;EMOTIONALITY;11-Mar-2025 21:03:23;11-Mar-2025 19:37:00;07-Mar-2025 12:43:04;iOS 18.3.1;iPhone12,8;false;;;;;;;;;;;;;;;;;;
s4sm1bs4;EMOTIONALITY;09-Mar-2025 15:28:24;09-Mar-2025 12:03:00;07-Mar-2025 12:43:04;iOS 18.3.1;iPhone12,8;true;Meeting new Friends;1;5;4;2;4;3;3;4;2;4;1;4;4;1;1;1;1
s4sm1bs4;EMOTIONALITY;09-Mar-2025 19:00:26;09-Mar-2025 17:00:00;07-Mar-2025 12:43:04;iOS 18.3.1;iPhone12,8;true;Partner;1;4;2;2;7;5;4;3;4;5;1;1;3;1;1;1;1
s4sm1bs4;EMOTIONALITY;08-Mar-2025 18:44:07;08-Mar-2025 15:25:00;07-Mar-2025 12:43:04;iOS 18.3.1;iPhone12,8;false;;;;;;;;;;;;;;;;;;
s4sm1bs4;EMOTIONALITY;11-Mar-2025 21:02:01;11-Mar-2025 18:01:00;07-Mar-2025 12:43:04;iOS 18.3.1;iPhone12,8;false;;;;;;;;;;;;;;;;;;
s4sm1bs4;EMOTIONALITY;11-Mar-2025 21:03:19;11-Mar-2025 19:02:00;07-Mar-2025 12:43:04;iOS 18.3.1;iPhone12,8;true;Meeting at work ;4;5;5;2;2;3;2;4;3;2;4;5;3;2;2;2;1
s4sm1bs4;EMOTIONALITY;09-Mar-2025 20:01:53;09-Mar-2025 19:08:00;07-Mar-2025 12:43:04;iOS 18.3.1;iPhone12,8;false;;;;;;;;;;;;;;;;;;
s4sm1bs4;EMOTIONALITY;09-Mar-2025 18:59:23;09-Mar-2025 15:55:00;07-Mar-2025 12:43:04;iOS 18.3.1;iPhone12,8;false;;;;;;;;;;;;;;;;;;
s4sm1bs4;EMOTIONALITY;08-Mar-2025 12:27:54;08-Mar-2025 11:36:00;07-Mar-2025 12:43:04;iOS 18.3.1;iPhone12,8;true;Talking with my partner;1;5;2;2;7;5;4;2;4;4;1;1;1;1;1;1;1
s4sm1bs4;EMOTIONALITY;11-Mar-2025 07:24:25;10-Mar-2025 15:23:00;07-Mar-2025 12:43:04;iOS 18.3.1;iPhone12,8;true;Buying lunch ;4;1;2;2;1;2;1;4;1;3;1;3;3;1;1;1;1
s4sm1bs4;EMOTIONALITY;08-Mar-2025 13:22:15;08-Mar-2025 13:22:00;07-Mar-2025 12:43:04;iOS 18.3.1;iPhone12,8;false;;;;;;;;;;;;;;;;;;
s4sm1bs4;EMOTIONALITY;11-Mar-2025 07:25:43;10-Mar-2025 20:14:00;07-Mar-2025 12:43:04;iOS 18.3.1;iPhone12,8;true;Talking to my Partner;4;3;2;2;7;4;3;2;4;2;4;4;1;3;1;1;1
s4sm1bs4;EMOTIONALITY;08-Mar-2025 18:44:03;08-Mar-2025 17:01:00;07-Mar-2025 12:43:04;iOS 18.3.1;iPhone12,8;false;;;;;;;;;;;;;;;;;;
s4sm1bs4;EMOTIONALITY;11-Mar-2025 11:11:02;11-Mar-2025 09:58:00;07-Mar-2025 12:43:04;iOS 18.3.1;iPhone12,8;true;Meeting my former supervisor;4;2;2;1;5;3;4;2;4;2;4;5;1;2;2;4;1
s4sm1bs4;EMOTIONALITY;11-Mar-2025 07:21:27;10-Mar-2025 10:56:00;07-Mar-2025 12:43:04;iOS 18.3.1;iPhone12,8;false;;;;;;;;;;;;;;;;;;
s4sm1bs4;EMOTIONALITY;09-Mar-2025 20:01:57;09-Mar-2025 19:58:00;07-Mar-2025 12:43:04;iOS 18.3.1;iPhone12,8;false;;;;;;;;;;;;;;;;;;
s4sm1bs4;EMOTIONALITY;10-Mar-2025 10:05:24;10-Mar-2025 10:04:00;07-Mar-2025 12:43:04;iOS 18.3.1;iPhone12,8;true;Business Meeting ;1;4;18;2;1;1;1;5;1;1;4;4;1;2;1;1;1
s4sm1bs4;EMOTIONALITY;09-Mar-2025 15:28:32;09-Mar-2025 15:22:00;07-Mar-2025 12:43:04;iOS 18.3.1;iPhone12,8;false;;;;;;;;;;;;;;;;;;
s4sm1bs4;EMOTIONALITY;11-Mar-2025 07:21:32;10-Mar-2025 11:56:00;07-Mar-2025 12:43:04;iOS 18.3.1;iPhone12,8;false;;;;;;;;;;;;;;;;;;
s4sm1bs4;EMOTIONALITY;09-Mar-2025 10:30:30;08-Mar-2025 20:17:00;07-Mar-2025 12:43:04;iOS 18.3.1;iPhone12,8;true;Partner;3;2;2;2;7;3;4;1;2;3;1;1;3;2;1;1;1
s4sm1bs4;EMOTIONALITY;11-Mar-2025 21:01:51;11-Mar-2025 16:40:00;07-Mar-2025 12:43:04;iOS 18.3.1;iPhone12,8;false;;;;;;;;;;;;;;;;;;
s4sm1bs4;EMOTIONALITY;09-Mar-2025 15:28:28;09-Mar-2025 14:16:00;07-Mar-2025 12:43:04;iOS 18.3.1;iPhone12,8;false;;;;;;;;;;;;;;;;;;
s4sm1bs4;EMOTIONALITY;08-Mar-2025 11:25:26;08-Mar-2025 10:31:00;07-Mar-2025 12:43:04;iOS 18.3.1;iPhone12,8;true;Meeting neighbours;1;1;3;1;4;3;2;3;1;3;1;2;1;1;1;1;1
s4sm1bs4;EMOTIONALITY;08-Mar-2025 18:43:57;08-Mar-2025 18:39:00;07-Mar-2025 12:43:04;iOS 18.3.1;iPhone12,8;true;Meeting a friend;4;5;2;1;6;5;4;3;4;5;1;1;1;1;1;1;1
s4sm1bs4;EMOTIONALITY;11-Mar-2025 21:01:56;11-Mar-2025 17:12:00;07-Mar-2025 12:43:04;iOS 18.3.1;iPhone12,8;false;;;;;;;;;;;;;;;;;;
s4sm1bs4;EMOTIONALITY;11-Mar-2025 07:21:37;10-Mar-2025 13:51:00;07-Mar-2025 12:43:04;iOS 18.3.1;iPhone12,8;false;;;;;;;;;;;;;;;;;;
odsv4l6h;EMOTIONALITY;10-Mar-2025 12:29:33;10-Mar-2025 12:17:00;07-Mar-2025 12:43:04;iOS 18.3.1;iPhone14,6;true;Sebding a package;1;1;2;1;2;3;1;3;3;2;2;2;2;2;3;3;1
odsv4l6h;EMOTIONALITY;10-Mar-2025 16:58:09;10-Mar-2025 16:55:00;07-Mar-2025 12:43:04;iOS 18.3.1;iPhone14,6;false;;;;;;;;;;;;;;;;;;
odsv4l6h;EMOTIONALITY;10-Mar-2025 11:59:49;10-Mar-2025 11:35:00;07-Mar-2025 12:43:04;iOS 18.3.1;iPhone14,6;true;Went to Aldi;3;1;2;1;2;4;2;3;3;4;2;3;2;1;2;2;1
odsv4l6h;EMOTIONALITY;11-Mar-2025 10:21:40;10-Mar-2025 19:46:00;07-Mar-2025 12:43:04;iOS 18.3.1;iPhone14,6;false;;;;;;;;;;;;;;;;;;
odsv4l6h;EMOTIONALITY;10-Mar-2025 16:58:13;10-Mar-2025 14:05:00;07-Mar-2025 12:43:04;iOS 18.3.1;iPhone14,6;false;;;;;;;;;;;;;;;;;;
odsv4l6h;EMOTIONALITY;11-Mar-2025 07:31:17;10-Mar-2025 18:24:00;07-Mar-2025 12:43:04;iOS 18.3.1;iPhone14,6;false;;;;;;;;;;;;;;;;;;
odsv4l6h;EMOTIONALITY;11-Mar-2025 10:21:30;11-Mar-2025 10:16:00;07-Mar-2025 12:43:04;iOS 18.3.1;iPhone14,6;false;;;;;;;;;;;;;;;;;;
odsv4l6h;EMOTIONALITY;10-Mar-2025 16:58:19;10-Mar-2025 10:56:00;07-Mar-2025 12:43:04;iOS 18.3.1;iPhone14,6;false;;;;;;;;;;;;;;;;;;
odsv4l6h;EMOTIONALITY;10-Mar-2025 15:55:38;10-Mar-2025 15:47:00;07-Mar-2025 12:43:04;iOS 18.3.1;iPhone14,6;false;;;;;;;;;;;;;;;;;;
u1hjr78d;EMOTIONALITY;11-Mar-2025 19:06:04;11-Mar-2025 12:55:00;07-Mar-2025 12:43:04;Android 15;2306EPN60G;true;Meeting with team members;4;5;3;1;4;4;2;2;2;4;1;2;1;2;1;1;1
